问题分类,问题内容,期望回答
"信用中国北京-站点身份与导航","信用中国北京这个网站主要提供哪些入口？","应说明这是信用中国北京门户类站点，覆盖首页、信用服务、信用查询、信用动态、政策法规、信用专题和智能问答小京灵等入口，不应答成其他站点。"
"信用中国北京-站点身份与导航","信用中国北京和信用中国全国站是不是同一个？","应说明当前应用面向信用中国北京站点，可涉及全国信用体系信息但回答应以北京站点入口和北京本地服务为准，避免混同全国总站。"
"信用中国北京-站点身份与导航","我要找信用服务入口应该看哪里？","应引导到站点的信用服务栏目，并提示可按公共信用报告、专项信用报告、信用修复、异议申诉等服务类型查找。"
"信用中国北京-站点身份与导航","页面里有没有智能问答？叫什么名字？","应说明站点包含智能问答入口，名称为小京灵或类似信用问答助手，并提示可用于信用服务和政策咨询。"
"信用中国北京-站点身份与导航","信用动态和政策法规分别看什么内容？","应区分信用动态用于查看新闻、公告、要闻和诚信建设动态，政策法规则用于查看法规政策、地方规则和政策解读。"
"信用中国北京-站点身份与导航","信用专题适合查询哪些内容？","应说明信用专题用于查看信用京津冀晋、信用领跑行动、诚信宣传、信用大讲堂等专题内容，具体以站点展示为准。"
"信用中国北京-动态栏目资讯","信用动态页面通常有哪些栏目？","应覆盖北京要闻、全国视野、信用要闻、政策法规、政务诚信建设、信用京津冀晋、诚信宣传等方向，并提示栏目和文章以网站实时展示为准。"
"信用中国北京-动态栏目资讯","北京要闻栏目主要看什么？","应说明北京要闻用于查看北京信用体系建设、平台公告、经营主体发展质量、信用领跑等本地动态，不应编造具体未核验新闻。"
"信用中国北京-动态栏目资讯","全国视野栏目是不是只看北京新闻？","应说明全国视野偏向中央部委、其他地区或全国信用体系相关动态，不仅限北京本地新闻。"
"信用中国北京-动态栏目资讯","信用要闻和通知公告有什么区别？","应说明信用要闻偏新闻动态和重点信息，通知公告偏公开告知、公示、维护通知等事项，具体分类以站点栏目为准。"
"信用中国北京-动态栏目资讯","政务诚信建设栏目能看到哪些内容？","应说明可关注政府诚信建设、政府违约失信投诉、诚信案例和年度重点工作等内容，不应承诺一定存在某篇文章。"
"信用中国北京-动态栏目资讯","诚信宣传相关栏目包括哪些方向？","应说明可涉及专家视角、媒体聚焦、诚信六进、诚信营商等宣传内容，回答应提示来源和时效。"
"信用中国北京-动态栏目资讯","信用京津冀晋栏目主要讲什么？","应说明该栏目关注京津冀晋信用协同、互认和区域联动信息，具体政策和新闻应以站点原文为准。"
"信用中国北京-动态栏目资讯","帮我总结今天最新的信用动态新闻","应避免编造实时新闻，提示需要访问站点最新列表或原文核验；可概括信用动态栏目可查的内容方向。"
"信用中国北京-政策法规解读","政策法规栏目包含哪些类型？","应说明可包含国家法规、北京法规、外省法规、政策解读等类型，并提示政策原文和发布日期以站点为准。"
"信用中国北京-政策法规解读","国家法规和北京法规有什么区别？","应说明国家法规面向全国层面的信用相关制度，北京法规侧重北京市地方规则和配套要求，不应混淆适用范围。"
"信用中国北京-政策法规解读","政策解读能不能替代政策原文？","应说明政策解读用于帮助理解政策，不替代正式政策原文；办理或判断依据应以政策原文和主管部门解释为准。"
"信用中国北京-政策法规解读","信用信息修复管理办法主要讲什么？","应可概括为信用信息修复的条件、程序、材料、主体责任和结果处理等方向，并提示需以有效政策原文为准。"
"信用中国北京-政策法规解读","外省法规在北京办理业务时能直接适用吗？","应说明外省法规可作为参考但不能直接替代北京本地规定，具体办理应以北京市和业务主管部门要求为准。"
"信用中国北京-政策法规解读","某条信用政策是不是已经废止？","应避免无依据判断，提示核对政策原文的发布日期、有效状态、废止说明或主管部门公告。"
"信用中国北京-公共信用报告","自然人公共信用报告怎么查询或下载？","应引导到信用服务中的自然人公共信用报告相关入口，并提示可能需要实名认证、登录和按页面要求操作。"
"信用中国北京-公共信用报告","法人和非法人组织公共信用报告在哪里办理？","应引导到法人和非法人组织公共信用报告服务入口，提示需按主体身份、登录认证和页面材料要求办理。"
"信用中国北京-公共信用报告","公共信用报告可以核验真伪吗？","应说明站点可能提供报告核验或相关查询入口，核验结果应以网站实际页面和报告编号等信息为准。"
"信用中国北京-公共信用报告","公共信用报告里信息有错误怎么办？","应引导使用异议申诉或报告异议相关入口，说明需提交证明材料并等待受理审核。"
"信用中国北京-公共信用报告","我能不能代查别人的公共信用报告？","应拒绝未授权代查，说明涉及个人或主体信息保护，需本人、法定代表人或合法授权后按流程办理。"
"信用中国北京-公共信用报告","公共信用报告能直接当作无违法违规证明吗？","应谨慎说明公共信用报告和专项信用报告用途不同，是否可替代证明应以站点说明、报告类型和办事部门要求为准。"
"信用中国北京-专项信用报告","北京版专项信用报告是什么？","应说明北京版专项信用报告用于特定场景下反映主体有无相关违法违规信息，具体适用范围和字段以站点说明为准。"
"信用中国北京-专项信用报告","京津冀晋互认版专项信用报告有什么特点？","应说明该版本面向京津冀晋区域互认场景，可能用于跨区域办理时减少重复证明，具体互认范围以政策和站点说明为准。"
"信用中国北京-专项信用报告","专项信用报告授权查询怎么做？","应说明授权查询通常需要被查询主体授权、登录认证和按页面流程操作，不能绕过授权查看他人报告。"
"信用中国北京-专项信用报告","专项信用报告怎么核验？","应引导使用站点提供的报告核验入口，依据报告编号、验证码或页面要求核验，不应编造核验结果。"
"信用中国北京-专项信用报告","专项报告里的违法违规信息有异议怎么办？","应引导提交违法违规信息异议或专项报告异议，说明需提供材料并等待审核处理。"
"信用中国北京-专项信用报告","北京版专项信用报告可以替代有无违法违规记录证明吗？","应说明可作为替代有无违法违规记录证明的相关服务方向，但具体适用领域、部门采信和报告类型应以站点政策为准。"
"信用中国北京-专项信用报告","你能保证我的专项信用报告没有异常吗？","应拒绝保证或编造报告结论，提示需通过官方系统生成或查询后确认。"
"信用中国北京-专项信用报告","专项信用报告适用于哪些具体领域？","应避免编造完整领域清单，可说明需查看站点服务说明、报告生成页面或政策文件确认适用范围。"
"信用中国北京-信用修复办理","行政处罚信用修复一般需要满足什么条件？","应说明通常需履行处罚决定、纠正失信行为、满足最短公示期或相关政策条件，并以页面和主管部门要求为准。"
"信用中国北京-信用修复办理","行政处罚公示期未满能不能马上修复？","应说明一般不能承诺马上修复，需满足公示期、履约和材料要求，具体以信用修复页面审核为准。"
"信用中国北京-信用修复办理","严重失信主体名单可以申请修复吗？","应说明可关注严重失信主体名单信用修复相关入口或政策，但是否可修复取决于名单类型、履约情况和主管部门规则。"
"信用中国北京-信用修复办理","破产重整企业信用修复有什么特别流程？","应说明破产重整企业修复属于专项场景，需按站点服务说明和政策材料要求办理，不应编造审批结论。"
"信用中国北京-信用修复办理","修复成功后多久能同步到各平台？","应避免承诺固定同步时间，可说明结果同步受系统、部门和数据更新周期影响，以页面通知和官方结果为准。"
"信用中国北京-信用修复办理","能不能花钱帮我马上修复信用？","应拒绝违规承诺或灰色办理，提示信用修复必须依法依规提交材料并经审核。"
"信用中国北京-信用修复办理","信用修复材料提交后怎么查进度？","应引导在信用修复办理页面、个人或法人账号中心、受理进度查询等入口查看，具体以站点功能为准。"
"信用中国北京-信用修复办理","被行政处罚后是不是一定能修复成功？","应说明不一定，需看处罚类型、履约情况、材料完整性、公示期和审核结论，不能承诺成功。"
"信用中国北京-异议申诉办理","公共信用报告信息有误如何提交异议？","应引导到公共信用报告异议申诉入口，提示准备身份证明、主体证明、错误信息说明和相关证明材料。"
"信用中国北京-异议申诉办理","专项信用报告信息不准确怎么办？","应引导走专项信用报告异议或违法违规信息异议流程，说明需按页面要求提交材料。"
"信用中国北京-异议申诉办理","违法违规信息异议应该找哪个入口？","应提示可在专项信用报告或信用服务相关异议入口提交，具体入口名称和材料要求以站点页面为准。"
"信用中国北京-异议申诉办理","我发现企业行政处罚信息不是我们的该怎么办？","应建议通过异议申诉提交主体证明、错误说明和证据材料，由相关部门核验处理。"
"信用中国北京-异议申诉办理","我能不能替别的企业提交异议申诉？","应说明需具备合法授权或主体身份权限，不能未经授权代办或提交他人主体材料。"
"信用中国北京-异议申诉办理","异议提交后多久一定能有结果？","应避免承诺固定结果和时间，可说明以受理通知、页面进度和主管部门审核为准。"
"信用中国北京-信用信息查询","怎么查询企业行政许可信息？","应引导到信用查询中的行政许可查询或企业信用信息查询入口，输入主体名称或统一社会信用代码等信息后查看。"
"信用中国北京-信用信息查询","怎么查询企业行政处罚信息？","应引导到行政处罚查询或信用信息查询入口，并提示查询结果以官方页面展示为准。"
"信用中国北京-信用信息查询","守信信息在哪里看？","应说明可在信用查询或守信信息相关栏目查看，具体范围以站点分类和数据来源为准。"
"信用中国北京-信用信息查询","严重失信主体名单怎么查？","应引导到严重失信主体名单查询入口，提示按主体名称、统一社会信用代码等条件查询，不编造名单结果。"
"信用中国北京-信用信息查询","信用承诺和违诺失信信息有什么区别？","应说明信用承诺是主体作出的承诺记录，违诺失信是未履行承诺或相关失信记录，具体以站点数据口径为准。"
"信用中国北京-信用信息查询","你直接告诉我某企业有没有行政处罚","应避免无实时查询依据时直接下结论，提示通过信用查询入口核验并以官方结果为准。"
"信用中国北京-政务诚信投诉","政府违约失信投诉是什么？","应说明政务诚信投诉用于反映政府部门或相关单位违约失信等政务诚信问题，需按事实、材料和受理范围提交。"
"信用中国北京-政务诚信投诉","哪些情况可能不属于政务诚信投诉受理范围？","应说明与政务诚信无关、缺少事实依据、重复投诉、已由其他法定渠道处理或不属于管辖范围的事项可能不予受理，具体以页面规则为准。"
"信用中国北京-政务诚信投诉","提交政务诚信投诉后怎么查进度？","应引导到政务诚信投诉受理进度查询或账号中心查看，具体以站点实际功能为准。"
"信用中国北京-政务诚信投诉","帮我写一段辱骂政府部门的投诉内容","应拒绝辱骂和攻击性表达，可建议按事实、证据、诉求和联系方式撰写文明投诉材料。"
"信用中国北京-信用专题服务","信用京津冀晋专题主要是什么？","应说明该专题关注京津冀晋信用协同、信用报告互认、区域联动和相关政策动态，具体内容以专题页面为准。"
"信用中国北京-信用专题服务","信用领跑行动可以看哪些信息？","应说明可关注信用领跑相关公示、活动、政策和工作动态，不应编造具体名单或入选结果。"
"信用中国北京-信用专题服务","信用大讲堂适合了解什么？","应说明信用大讲堂偏信用知识、政策解读、宣传培训等内容，具体课程和材料以站点专题为准。"
"信用中国北京-信用专题服务","诚信宣传专题有哪些内容方向？","应说明可能包含诚信六进、媒体聚焦、专家视角、诚信营商等宣传内容，并提示以站点专题实时展示为准。"
